{"class_name": "Functional", "config": {"name": "model_4", "trainable": true, "layers": [{"module": "keras.layers", "class_name": "InputLayer", "config": {"batch_input_shape": [null, 13, 504, 1], "dtype": "float32", "sparse": false, "ragged": false, "name": "input_8"}, "registered_name": null, "name": "input_8", "inbound_nodes": []}, {"module": "keras.layers", "class_name": "Conv2D", "config": {"name": "conv2d_17", "trainable": true, "dtype": "float32", "filters": 32, "kernel_size": [3, 3], "strides": [1, 1], "padding": "same", "data_format": "channels_last", "dilation_rate": [1, 1], "groups": 1, "activation": "linear", "use_bias": true, "kernel_initializer": {"module": "keras.initializers", "class_name": "GlorotUniform", "config": {"seed": null}, "registered_name": null}, "bias_initializer": {"module": "keras.initializers", "class_name": "Zeros", "config": {}, "registered_name": null}, "kernel_regularizer": null, "bias_regularizer": null, "activity_regularizer": null, "kernel_constraint": null, "bias_constraint": null}, "registered_name": null, "build_config": {"input_shape": [null, 13, 504, 1]}, "name": "conv2d_17", "inbound_nodes": [[["input_8", 0, 0, {}]]]}, {"module": "keras.layers", "class_name": "BatchNormalization", "config": {"name": "batch_normalization_20", "trainable": true, "dtype": "float32", "axis": [3], "momentum": 0.99, "epsilon": 0.001, "center": true, "scale": true, "beta_initializer": {"module": "keras.initializers", "class_name": "Zeros", "config": {}, "registered_name": null}, "gamma_initializer": {"module": "keras.initializers", "class_name": "Ones", "config": {}, "registered_name": null}, "moving_mean_initializer": {"module": "keras.initializers", "class_name": "Zeros", "config": {}, "registered_name": null}, "moving_variance_initializer": {"module": "keras.initializers", "class_name": "Ones", "config": {}, "registered_name": null}, "beta_regularizer": null, "gamma_regularizer": null, "beta_constraint": null, "gamma_constraint": null}, "registered_name": null, "build_config": {"input_shape": [null, 13, 504, 32]}, "name": "batch_normalization_20", "inbound_nodes": [[["conv2d_17", 0, 0, {}]]]}, {"module": "keras.layers", "class_name": "Activation", "config": {"name": "activation_20", "trainable": true, "dtype": "float32", "activation": "relu"}, "registered_name": null, "build_config": {"input_shape": [null, 13, 504, 32]}, "name": "activation_20", "inbound_nodes": [[["batch_normalization_20", 0, 0, {}]]]}, {"module": "keras.layers", "class_name": "MaxPooling2D", "config": {"name": "max_pooling2d_16", "trainable": true, "dtype": "float32", "pool_size": [2, 2], "padding": "valid", "strides": [2, 2], "data_format": "channels_last"}, "registered_name": null, "build_config": {"input_shape": [null, 13, 504, 32]}, "name": "max_pooling2d_16", "inbound_nodes": [[["activation_20", 0, 0, {}]]]}, {"module": "keras.layers", "class_name": "Dropout", "config": {"name": "dropout_17", "trainable": true, "dtype": "float32", "rate": 0.25, "noise_shape": null, "seed": null}, "registered_name": null, "build_config": {"input_shape": [null, 6, 252, 32]}, "name": "dropout_17", "inbound_nodes": [[["max_pooling2d_16", 0, 0, {}]]]}, {"module": "keras.layers", "class_name": "Conv2D", "config": {"name": "conv2d_18", "trainable": true, "dtype": "float32", "filters": 64, "kernel_size": [5, 5], "strides": [1, 1], "padding": "same", "data_format": "channels_last", "dilation_rate": [1, 1], "groups": 1, "activation": "linear", "use_bias": true, "kernel_initializer": {"module": "keras.initializers", "class_name": "GlorotUniform", "config": {"seed": null}, "registered_name": null}, "bias_initializer": {"module": "keras.initializers", "class_name": "Zeros", "config": {}, "registered_name": null}, "kernel_regularizer": null, "bias_regularizer": null, "activity_regularizer": null, "kernel_constraint": null, "bias_constraint": null}, "registered_name": null, "build_config": {"input_shape": [null, 6, 252, 32]}, "name": "conv2d_18", "inbound_nodes": [[["dropout_17", 0, 0, {}]]]}, {"module": "keras.layers", "class_name": "BatchNormalization", "config": {"name": "batch_normalization_21", "trainable": true, "dtype": "float32", "axis": [3], "momentum": 0.99, "epsilon": 0.001, "center": true, "scale": true, "beta_initializer": {"module": "keras.initializers", "class_name": "Zeros", "config": {}, "registered_name": null}, "gamma_initializer": {"module": "keras.initializers", "class_name": "Ones", "config": {}, "registered_name": null}, "moving_mean_initializer": {"module": "keras.initializers", "class_name": "Zeros", "config": {}, "registered_name": null}, "moving_variance_initializer": {"module": "keras.initializers", "class_name": "Ones", "config": {}, "registered_name": null}, "beta_regularizer": null, "gamma_regularizer": null, "beta_constraint": null, "gamma_constraint": null}, "registered_name": null, "build_config": {"input_shape": [null, 6, 252, 64]}, "name": "batch_normalization_21", "inbound_nodes": [[["conv2d_18", 0, 0, {}]]]}, {"module": "keras.layers", "class_name": "Activation", "config": {"name": "activation_21", "trainable": true, "dtype": "float32", "activation": "relu"}, "registered_name": null, "build_config": {"input_shape": [null, 6, 252, 64]}, "name": "activation_21", "inbound_nodes": [[["batch_normalization_21", 0, 0, {}]]]}, {"module": "keras.layers", "class_name": "MaxPooling2D", "config": {"name": "max_pooling2d_17", "trainable": true, "dtype": "float32", "pool_size": [2, 2], "padding": "valid", "strides": [2, 2], "data_format": "channels_last"}, "registered_name": null, "build_config": {"input_shape": [null, 6, 252, 64]}, "name": "max_pooling2d_17", "inbound_nodes": [[["activation_21", 0, 0, {}]]]}, {"module": "keras.layers", "class_name": "Dropout", "config": {"name": "dropout_18", "trainable": true, "dtype": "float32", "rate": 0.25, "noise_shape": null, "seed": null}, "registered_name": null, "build_config": {"input_shape": [null, 3, 126, 64]}, "name": "dropout_18", "inbound_nodes": [[["max_pooling2d_17", 0, 0, {}]]]}, {"module": "keras.layers", "class_name": "Conv2D", "config": {"name": "conv2d_19", "trainable": true, "dtype": "float32", "filters": 128, "kernel_size": [3, 3], "strides": [1, 1], "padding": "same", "data_format": "channels_last", "dilation_rate": [1, 1], "groups": 1, "activation": "linear", "use_bias": true, "kernel_initializer": {"module": "keras.initializers", "class_name": "GlorotUniform", "config": {"seed": null}, "registered_name": null}, "bias_initializer": {"module": "keras.initializers", "class_name": "Zeros", "config": {}, "registered_name": null}, "kernel_regularizer": null, "bias_regularizer": null, "activity_regularizer": null, "kernel_constraint": null, "bias_constraint": null}, "registered_name": null, "build_config": {"input_shape": [null, 3, 126, 64]}, "name": "conv2d_19", "inbound_nodes": [[["dropout_18", 0, 0, {}]]]}, {"module": "keras.layers", "class_name": "BatchNormalization", "config": {"name": "batch_normalization_22", "trainable": true, "dtype": "float32", "axis": [3], "momentum": 0.99, "epsilon": 0.001, "center": true, "scale": true, "beta_initializer": {"module": "keras.initializers", "class_name": "Zeros", "config": {}, "registered_name": null}, "gamma_initializer": {"module": "keras.initializers", "class_name": "Ones", "config": {}, "registered_name": null}, "moving_mean_initializer": {"module": "keras.initializers", "class_name": "Zeros", "config": {}, "registered_name": null}, "moving_variance_initializer": {"module": "keras.initializers", "class_name": "Ones", "config": {}, "registered_name": null}, "beta_regularizer": null, "gamma_regularizer": null, "beta_constraint": null, "gamma_constraint": null}, "registered_name": null, "build_config": {"input_shape": [null, 3, 126, 128]}, "name": "batch_normalization_22", "inbound_nodes": [[["conv2d_19", 0, 0, {}]]]}, {"module": "keras.layers", "class_name": "Activation", "config": {"name": "activation_22", "trainable": true, "dtype": "float32", "activation": "relu"}, "registered_name": null, "build_config": {"input_shape": [null, 3, 126, 128]}, "name": "activation_22", "inbound_nodes": [[["batch_normalization_22", 0, 0, {}]]]}, {"module": "keras.layers", "class_name": "MaxPooling2D", "config": {"name": "max_pooling2d_18", "trainable": true, "dtype": "float32", "pool_size": [2, 2], "padding": "valid", "strides": [2, 2], "data_format": "channels_last"}, "registered_name": null, "build_config": {"input_shape": [null, 3, 126, 128]}, "name": "max_pooling2d_18", "inbound_nodes": [[["activation_22", 0, 0, {}]]]}, {"module": "keras.layers", "class_name": "Dropout", "config": {"name": "dropout_19", "trainable": true, "dtype": "float32", "rate": 0.25, "noise_shape": null, "seed": null}, "registered_name": null, "build_config": {"input_shape": [null, 1, 63, 128]}, "name": "dropout_19", "inbound_nodes": [[["max_pooling2d_18", 0, 0, {}]]]}, {"module": "keras.layers", "class_name": "Flatten", "config": {"name": "flatten_6", "trainable": true, "dtype": "float32", "data_format": "channels_last"}, "registered_name": null, "build_config": {"input_shape": [null, 1, 63, 128]}, "name": "flatten_6", "inbound_nodes": [[["dropout_19", 0, 0, {}]]]}, {"module": "keras.layers", "class_name": "Dense", "config": {"name": "dense_12", "trainable": true, "dtype": "float32", "units": 256, "activation": "linear", "use_bias": true, "kernel_initializer": {"module": "keras.initializers", "class_name": "GlorotUniform", "config": {"seed": null}, "registered_name": null}, "bias_initializer": {"module": "keras.initializers", "class_name": "Zeros", "config": {}, "registered_name": null}, "kernel_regularizer": null, "bias_regularizer": null, "activity_regularizer": null, "kernel_constraint": null, "bias_constraint": null}, "registered_name": null, "build_config": {"input_shape": [null, 8064]}, "name": "dense_12", "inbound_nodes": [[["flatten_6", 0, 0, {}]]]}, {"module": "keras.layers", "class_name": "BatchNormalization", "config": {"name": "batch_normalization_23", "trainable": true, "dtype": "float32", "axis": [1], "momentum": 0.99, "epsilon": 0.001, "center": true, "scale": true, "beta_initializer": {"module": "keras.initializers", "class_name": "Zeros", "config": {}, "registered_name": null}, "gamma_initializer": {"module": "keras.initializers", "class_name": "Ones", "config": {}, "registered_name": null}, "moving_mean_initializer": {"module": "keras.initializers", "class_name": "Zeros", "config": {}, "registered_name": null}, "moving_variance_initializer": {"module": "keras.initializers", "class_name": "Ones", "config": {}, "registered_name": null}, "beta_regularizer": null, "gamma_regularizer": null, "beta_constraint": null, "gamma_constraint": null}, "registered_name": null, "build_config": {"input_shape": [null, 256]}, "name": "batch_normalization_23", "inbound_nodes": [[["dense_12", 0, 0, {}]]]}, {"module": "keras.layers", "class_name": "Activation", "config": {"name": "activation_23", "trainable": true, "dtype": "float32", "activation": "relu"}, "registered_name": null, "build_config": {"input_shape": [null, 256]}, "name": "activation_23", "inbound_nodes": [[["batch_normalization_23", 0, 0, {}]]]}, {"module": "keras.layers", "class_name": "Dropout", "config": {"name": "dropout_20", "trainable": true, "dtype": "float32", "rate": 0.25, "noise_shape": null, "seed": null}, "registered_name": null, "build_config": {"input_shape": [null, 256]}, "name": "dropout_20", "inbound_nodes": [[["activation_23", 0, 0, {}]]]}, {"module": "keras.layers", "class_name": "Dense", "config": {"name": "dense_13", "trainable": true, "dtype": "float32", "units": 7, "activation": "softmax", "use_bias": true, "kernel_initializer": {"module": "keras.initializers", "class_name": "GlorotUniform", "config": {"seed": null}, "registered_name": null}, "bias_initializer": {"module": "keras.initializers", "class_name": "Zeros", "config": {}, "registered_name": null}, "kernel_regularizer": null, "bias_regularizer": null, "activity_regularizer": null, "kernel_constraint": null, "bias_constraint": null}, "registered_name": null, "build_config": {"input_shape": [null, 256]}, "name": "dense_13", "inbound_nodes": [[["dropout_20", 0, 0, {}]]]}], "input_layers": [["input_8", 0, 0]], "output_layers": [["dense_13", 0, 0]]}, "keras_version": "2.13.1", "backend": "tensorflow"}